﻿M_Number;BMM9 variant
M0;R2A complex media
M1;" Asparagin; Isoleucin; Threonin; Tryptophan; Phenylalanin; Methionin; Histidin; Arginin"
M2;"Aspartat; Asparagin; Isoleucin; Threonin; Tryptophan; Phenylalanin; Methionin; Histidin; Arginin"
M3;"Methionin; Aspartat; Threonin"
M4;"Methionin; Arginin; Threonin"
M5;"Methionin; Aspartat; Threonin; Phenylalanin"
M6;"Aspartat; Asparagin; Isoleucin; Threonin; Tryptophan; Phenylalanin; Histidin; Arginin"
M7;"Methionin; Threonin"
M8;"Methionin; Threonin; Phenylalanin"
M9;"Methionin; Histidin"
M10;"Methionin; Aspartat"
M11;"Aspartat; Asparagin; Isoleucin; Threonin; Tryptophan; Phenylalanin; Methionin; Arginin"
M12;"Aspartat; Asparagin; Threonin; Tryptophan; Phenylalanin; Methionin; Histidin; Arginin"
M13;"Aspartat; Asparagin; Tryptophan; Phenylalanin; Methionin; Histidin; Arginin"
M14;"Asparagin; Isoleucin; Threonin; Tryptophan; Phenylalanin; Histidin; Arginin"
M15;No AA
M16;"Methionin; Phenylalanin"
M17;"Methionin;Histidin;Isoleucin"
M18;"Methionin; Histidin"
M19;"Methionin; Isoleucin"
M20;"Methionin; Tryptophan"
M21;Histidin
M22;Isoleucin
M23;Methionin
M24;"Aspartat; Asparagin; Isoleucin; Threonin; Phenylalanin; Methionin; Histidin; Arginin"
M25;"Aspartat; Asparagin; Isoleucin; Threonin; Tryptophan; Methionin; Histidin; Arginin"
M26;"Aspartat; Isoleucin; Threonin; Tryptophan; Phenylalanin; Methionin; Histidin; Arginin"
M27;"Aspartat; Asparagin; Isoleucin;Tryptophan; Phenylalanin; Methionin; Histidin; Arginin"
M28;"Aspartat; Asparagin; Isoleucin; Threonin; Tryptophan; Phenylalanin; Methionin; Histidin"
M29;"Isoleucin; Threonin; Tryptophan; Phenylalanin; Methionin; Histidin; Arginin"
M30;"Methionin ;Argenin"
M31;"Methionin ;Asparagin"
M32;"Aspartat; Isoleucin; Methionin; Histidin"
M33;"Aspartat; Methionin; Histidin"
M34;"Aspartat; Isoleucin; Methionin"
M35;"Aspartat; Isoleucin; Methionin; Phenylalanin"
M36;"Aspartat; Histidin; Methionin; Phenylalanin"
M37;"Aspartat; Isoleucin; Methionin; Histidin; Phenylalanin"
M38;Threonin
M39;Phenylalanin
M40;Arginin
M41;Asparagin
M42;Tryptophan
M43;Aspartat
